mode,epoch,step,train/loss
train,1,1,0.39253972532860226
train,1,2,0.36019655362359965
train,1,3,0.3306918182434389
train,1,4,0.3217490270593436
train,1,5,0.2917845521524413
train,1,6,0.3205593654913197
train,1,7,0.32640358130358915
train,1,8,0.3930700669352779
train,1,9,0.31043820144804624
train,1,10,0.28928281893060137
train,1,11,0.2756547972169614
train,1,12,0.38488052300378184
train,1,13,0.29620324085117
train,1,14,0.3065193362786575
train,1,15,0.2947047687910222
train,1,16,0.35440917769540864
train,1,17,0.3310370707115656
train,1,18,0.25573175094375256
train,1,19,0.27384899178121713
train,1,20,0.25941698785936257
train,1,21,0.23843969549959293
train,1,22,0.2776725506744976
train,1,23,0.2822747540382982
train,1,24,0.2630123716614998
train,1,25,0.26831668304570055
train,1,26,0.316223986458391
train,1,27,0.3078805961084598
train,1,28,0.3643945815698313
train,1,29,0.3082593060879941
train,1,30,0.29380165021365495
train,1,31,0.3041586421381571
train,1,32,0.3038093155300272
train,1,33,0.2742624947517068
train,1,34,0.33187098019285993
train,1,35,0.4467553463519997
train,1,36,0.2720489266264503
train,1,37,0.31391292229296935
train,1,38,0.31425064151107635
train,1,39,0.29982734235322506
train,1,40,0.27773077970071913
train,1,41,0.2884188502139859
train,1,42,0.2955993943670071
train,1,43,0.2605492241671888
train,1,44,0.2917518471994705
train,1,45,0.29757582270343147
train,1,46,0.2735955533411902
train,1,47,0.3161062839930405
train,1,48,0.24473838011340984
train,1,49,0.3306360380247965
train,1,50,0.2770357121384749
train,1,51,0.2562947636658148
train,1,52,0.32260719109573055
train,1,53,0.23985215939038693
train,1,54,0.24220627784747575
train,1,55,0.3199119690572794
train,1,56,0.3744629112900274
train,1,57,0.29713164061937325
train,1,58,0.20544457738059338
train,1,59,0.4031224967617244
train,1,60,0.3028346494585761
train,1,61,0.26677009862085516
train,1,62,0.24294943139821717
train,1,63,0.289708328069491
train,1,64,0.28499309328683414
train,1,65,0.21466386547528676
train,1,66,0.29902655726716865
train,1,67,0.2668799816728361
train,1,68,0.214723122237364
train,1,69,0.2587666839077062
train,1,70,0.18159023483608533
train,1,71,0.3128813272595189
train,1,72,0.35580305815405944
train,1,73,0.275493917474537
train,1,74,0.2356600175051024
train,1,75,0.22730919108518702
train,1,76,0.28251324750832213
train,1,77,0.2954872175504894
train,1,78,0.2635867356815353
train,1,79,0.19358290324235716
train,1,80,0.20426649431932797
train,1,81,0.2524721020289731
train,1,82,0.23589016214251252
train,1,83,0.20453901737209637
train,1,84,0.3127974701582746
train,1,85,0.2460686939482885
train,1,86,0.22081073805738166
train,1,87,0.24761398521507788
train,1,88,0.2987057460715139
train,1,89,0.2497489436151099
train,1,90,0.32787375341677283
train,1,91,0.313309344004403
train,1,92,0.3316030513124503
train,1,93,0.2759900982285114
train,1,94,0.2349814771794625
train,1,95,0.2199526316328692
train,1,96,0.286240551246542
train,1,97,0.309030092908832
train,1,98,0.37830123889069267
train,1,99,0.2505020592077406
train,1,100,0.24876007494664193
train,1,101,0.23717259512215583
train,1,102,0.22984363430833865
train,1,103,0.3387660227249657
train,1,104,0.3243958092846684
train,1,105,0.25839281439420825
train,1,106,0.24476886121134656
train,1,107,0.20685175354709445
train,1,108,0.23616862836969
train,1,109,0.32436502978483717
train,1,110,0.395933418578556
train,1,111,0.1916089843327356
train,1,112,0.2854673517683015
train,1,113,0.398280563761337
train,1,114,0.25459439044567495
train,1,115,0.26855240895194066
train,1,116,0.28051787906041425
train,1,117,0.26302880882428287
train,1,118,0.2296655540969289
train,1,119,0.31268495587749456
train,1,120,0.19371001459225812
train,1,121,0.29432608725104936
train,1,122,0.2938259138299856
train,1,123,0.26686581279601795
train,1,124,0.3495019093195453
train,1,125,0.2670551301837137
train,1,126,0.34718791758180384
train,1,127,0.21731966296331395
train,1,128,0.30910583597999886
train,1,129,0.24825801082844318
train,1,130,0.23860906472510768
train,1,131,0.31615374692279763
train,1,132,0.2777590502952723
train,1,133,0.26496348949670173
train,1,134,0.22740546482059026
train,1,135,0.2238081767897234
train,1,136,0.23166988734032715
train,1,137,0.21931357273287422
train,1,138,0.19686654979655588
train,1,139,0.2512020806370018
train,1,140,0.2601277854426528
train,1,141,0.37881840362689734
train,1,142,0.3202132622339657
train,1,143,0.2748329363510359
train,1,144,0.2594663308983053
train,1,145,0.280980407198736
train,1,146,0.3784926629308959
train,1,147,0.27154572933415055
train,1,148,0.2445320793837365
train,1,149,0.220118955996756
train,1,150,0.27339075617710246
train,1,151,0.27623532021827857
train,1,152,0.3315940341410548
train,1,153,0.25330810809685544
train,1,154,0.2861348248752007
train,1,155,0.29845215949888704
train,1,156,0.262574934304052
train,1,157,0.31351060379188556
train,1,158,0.23712604503344104
train,1,159,0.3541588689698558
train,1,160,0.30526233620932447
train,1,161,0.27352748507887553
train,1,162,0.29769817178003244
train,1,163,0.20391305568246726
train,1,164,0.21557817402818155
train,1,165,0.34308682654610934
train,2,1,0.3001551049166078
train,2,2,0.2769327337189624
train,2,3,0.22973659924398937
train,2,4,0.2791319066886382
train,2,5,0.3139077408403696
train,2,6,0.31952829543870076
train,2,7,0.2444571394425478
train,2,8,0.23365931506566634
train,2,9,0.2215156364500758
train,2,10,0.32904095711252435
train,2,11,0.23538190362638658
train,2,12,0.22467067902620286
train,2,13,0.2247280677753128
train,2,14,0.34588814588081973
train,2,15,0.2871753769491644
train,2,16,0.3776871489543064
train,2,17,0.35133139422944143
train,2,18,0.2561466261673063
train,2,19,0.358855840096141
train,2,20,0.22575539541784825
train,2,21,0.2391637442660262
train,2,22,0.23517001445513236
train,2,23,0.2572032368543011
train,2,24,0.24234661105839964
train,2,25,0.22833445019436216
train,2,26,0.3815861723191666
train,2,27,0.2772424769437605
train,2,28,0.2332665905170753
train,2,29,0.3141248456025896
train,2,30,0.29321848484801327
train,2,31,0.2918063183708208
train,2,32,0.23894569906097735
train,2,33,0.22435243871313476
train,2,34,0.24275414000304324
train,2,35,0.2615981161222318
train,2,36,0.34656529866525376
train,2,37,0.2518926807423919
train,2,38,0.26555911413982036
train,2,39,0.20215923122691187
train,2,40,0.27853852367602383
train,2,41,0.2756281194904421
train,2,42,0.29011782496557514
train,2,43,0.2867129257153703
train,2,44,0.32946087172763955
train,2,45,0.2522990283262082
train,2,46,0.22508188362730305
train,2,47,0.2374471518223626
train,2,48,0.297781278553483
train,2,49,0.23337957869779644
train,2,50,0.2985304228266843
train,2,51,0.27506046444883747
train,2,52,0.3152075668612128
train,2,53,0.17424724254872911
train,2,54,0.2839240270674177
train,2,55,0.28224631184290194
train,2,56,0.3256829526315107
train,2,57,0.21736982457621076
train,2,58,0.2336397314797548
train,2,59,0.2760018097479797
train,2,60,0.260207508898061
train,2,61,0.22085918089954054
train,2,62,0.2744770555459596
train,2,63,0.23897638972588944
train,2,64,0.29890811236131426
train,2,65,0.2786116714908362
train,2,66,0.3966368192555625
train,2,67,0.23932731070947577
train,2,68,0.26703249697206355
train,2,69,0.29456136775090497
train,2,70,0.3063541397974432
train,2,71,0.2970915269628738
train,2,72,0.22712676001287185
train,2,73,0.20779014196758905
train,2,74,0.2665093594238479
train,2,75,0.3344103711003066
train,2,76,0.2778292141914753
train,2,77,0.3289843797668024
train,2,78,0.20602985731394954
train,2,79,0.23044703640621483
train,2,80,0.2534868268072029
train,2,81,0.2366780730727603
train,2,82,0.2557586719016002
train,2,83,0.24164494657990498
train,2,84,0.2676805697014343
train,2,85,0.39569545266136474
train,2,86,0.22825221603704465
train,2,87,0.19584208246746948
train,2,88,0.203647433248141
train,2,89,0.2374084648815315
train,2,90,0.24767042225673488
train,2,91,0.24757647147656653
train,2,92,0.30655294319869497
train,2,93,0.2413337263727201
train,2,94,0.1970438431931999
train,2,95,0.23930380337594742
train,2,96,0.31551716095026194
train,2,97,0.2560571671507196
train,2,98,0.3008804841686812
train,2,99,0.2523458147865392
train,2,100,0.20207738600627798
train,2,101,0.22431158891962852
train,2,102,0.2618303607016106
train,2,103,0.27854061975961497
train,2,104,0.2891519692897623
train,2,105,0.2677544777869355
train,2,106,0.2679577633935622
train,2,107,0.2251446496262264
train,2,108,0.27219012253372965
train,2,109,0.21004542293644002
train,2,110,0.24291061703305206
train,2,111,0.26570504271817913
train,2,112,0.2956852185129385
train,2,113,0.25002513451434377
train,2,114,0.2272060611894408
train,2,115,0.32477706401354756
train,2,116,0.2391423231347973
train,2,117,0.2697316841793234
train,2,118,0.301529606113219
train,2,119,0.269351040062907
train,2,120,0.22170077694971868
train,2,121,0.2472064523510526
train,2,122,0.20515245164366852
train,2,123,0.19929411240836462
train,2,124,0.31006989958904985
train,2,125,0.24654745116525706
train,2,126,0.3444081085364491
train,2,127,0.33155844610040164
train,2,128,0.2775838285112008
train,2,129,0.23783738224414153
train,2,130,0.2831799427399289
train,2,131,0.22011805012575855
train,2,132,0.3486485164194498
train,2,133,0.2870249983016819
train,2,134,0.28726367473850245
train,2,135,0.2490929576634969
train,2,136,0.21399755762607303
train,2,137,0.199594608579403
train,2,138,0.20290709183311634
train,2,139,0.30864633805259467
train,2,140,0.2470943808139939
train,2,141,0.30462241929152656
train,2,142,0.19263984266204653
train,2,143,0.29832886754809745
train,2,144,0.379183022073106
train,2,145,0.2663865449659173
train,2,146,0.21883917121942834
train,2,147,0.2177974853835363
train,2,148,0.2351999710795213
train,2,149,0.23621778452547393
train,2,150,0.290594926481481
train,2,151,0.29262257062896374
train,2,152,0.3526803957484469
train,2,153,0.28056140581189426
train,2,154,0.29688725306044356
train,2,155,0.30959126115331115
train,2,156,0.2206157033611787
train,2,157,0.27926198887865517
train,2,158,0.24297119624994123
train,2,159,0.24637037361787134
train,2,160,0.25838338451416554
train,2,161,0.2562883516697219
train,2,162,0.3067265214951138
train,2,163,0.24771927682545863
train,2,164,0.2821324585127488
train,2,165,0.17334655003800278
train,3,1,0.24691546612694243
train,3,2,0.30665624092203925
train,3,3,0.20240643667625785
train,3,4,0.29665068620180884
train,3,5,0.2038983436713772
train,3,6,0.2191885596101042
train,3,7,0.27180912300627624
train,3,8,0.23620771761518233
train,3,9,0.2667591215928259
train,3,10,0.20246152902456152
train,3,11,0.2557449934804269
train,3,12,0.2939485028649281
train,3,13,0.24443052032987606
train,3,14,0.24791208004744153
train,3,15,0.32494568963111103
train,3,16,0.2389158671790983
train,3,17,0.21999892515122488
train,3,18,0.2325563558610597
train,3,19,0.2673340313695123
train,3,20,0.2532173144385764
train,3,21,0.2552810001001009
train,3,22,0.33071547506016163
train,3,23,0.2699062952521267
train,3,24,0.27485450183224935
train,3,25,0.3116295744346386
train,3,26,0.1499313639961568
train,3,27,0.2535247080402019
train,3,28,0.21753062306224624
train,3,29,0.30775101211458195
train,3,30,0.285301186152796
train,3,31,0.20772152253928353
train,3,32,0.23517632596680849
train,3,33,0.36614304874009906
train,3,34,0.15499733864177434
train,3,35,0.15528716021762481
train,3,36,0.26906639646029584
train,3,37,0.36534325768372344
train,3,38,0.23927630518806225
train,3,39,0.3290356651328823
train,3,40,0.21084204483064956
train,3,41,0.2881784854634551
train,3,42,0.28254886044442795
train,3,43,0.25993103905538917
train,3,44,0.25993153483940246
train,3,45,0.23114171235219144
train,3,46,0.2948407214438279
train,3,47,0.28115713241374685
train,3,48,0.3407535868362885
train,3,49,0.30381347979326956
train,3,50,0.2240598084867023
train,3,51,0.2548378148900846
train,3,52,0.25569545309039643
train,3,53,0.3010515837859403
train,3,54,0.30198727469474573
train,3,55,0.2756851638912825
train,3,56,0.2708526509964126
train,3,57,0.32488677543204897
train,3,58,0.19807863691552563
train,3,59,0.35145692267934503
train,3,60,0.21755592229500187
train,3,61,0.2270529112452425
train,3,62,0.2083868260735508
train,3,63,0.2678762024730673
train,3,64,0.3359957778034969
train,3,65,0.22259496130770673
train,3,66,0.2161070871891367
train,3,67,0.30486799389676045
train,3,68,0.25782929262985077
train,3,69,0.2678192398330451
train,3,70,0.25101686150169034
train,3,71,0.18199930584862786
train,3,72,0.24362219398052654
train,3,73,0.22684685649263242
train,3,74,0.2965288797973019
train,3,75,0.2874156378774184
train,3,76,0.2403437235112016
train,3,77,0.3551178362984087
train,3,78,0.2730305989208395
train,3,79,0.21009651407466048
train,3,80,0.2633369421436673
train,3,81,0.39835713509392945
train,3,82,0.2323039138420854
train,3,83,0.2554771595988337
train,3,84,0.2333880765150953
train,3,85,0.21746081454712773
train,3,86,0.2520398842614965
train,3,87,0.23394616471962465
train,3,88,0.21569470615594197
train,3,89,0.25248677887960846
train,3,90,0.3100163386608488
train,3,91,0.3289871702960056
train,3,92,0.24763220412716885
train,3,93,0.33818074990177316
train,3,94,0.356826873683182
train,3,95,0.2596211114872068
train,3,96,0.25288684500316067
train,3,97,0.2343149654425143
train,3,98,0.2829589571269382
train,3,99,0.2426441255728176
train,3,100,0.24953010132527592
train,3,101,0.32551412703423843
train,3,102,0.27142730253625136
train,3,103,0.3100697212987205
train,3,104,0.33423973264364726
train,3,105,0.30315405841616444
train,3,106,0.2411699731838445
train,3,107,0.24042633559545215
train,3,108,0.23960676990853097
train,3,109,0.29068261287737923
train,3,110,0.23743192267898164
train,3,111,0.23443064264043745
train,3,112,0.3507245191184234
train,3,113,0.21683314636523254
train,3,114,0.22543522054035225
train,3,115,0.22216224434219517
train,3,116,0.23130458984372207
train,3,117,0.2511005871578946
train,3,118,0.3172941944510879
train,3,119,0.19359188766965596
train,3,120,0.23433095876168322
train,3,121,0.22043439894006783
train,3,122,0.29658610543623176
train,3,123,0.24440936885583703
train,3,124,0.21421461528940444
train,3,125,0.28300651363540474
train,3,126,0.23552072875960928
train,3,127,0.19143920954871563
train,3,128,0.3090079371439992
train,3,129,0.2818561500797893
train,3,130,0.27747535397980183
train,3,131,0.2782917808368597
train,3,132,0.28415734479295335
train,3,133,0.18647585265733402
train,3,134,0.23498441339644469
train,3,135,0.26040109400071854
train,3,136,0.29282757724787006
train,3,137,0.2690544807168438
train,3,138,0.42179084203666495
train,3,139,0.25165604328740715
train,3,140,0.2162209844640147
train,3,141,0.25669919418452813
train,3,142,0.26005960076038903
train,3,143,0.33898253092398567
train,3,144,0.3359574803935339
train,3,145,0.3246023867952797
train,3,146,0.28775344773983913
train,3,147,0.2724341085826814
train,3,148,0.3173465610165688
train,3,149,0.26535472594247067
train,3,150,0.252882815042714
train,3,151,0.3184797183681448
train,3,152,0.3229394448707437
train,3,153,0.27841568312449627
train,3,154,0.25462708877888535
train,3,155,0.2703011459173464
train,3,156,0.3093714384328468
train,3,157,0.17731662504723072
train,3,158,0.17125466188557356
train,3,159,0.21411614846074664
train,3,160,0.241523782169777
train,3,161,0.21686306494015495
train,3,162,0.27613194288512644
train,3,163,0.1972615759548436
train,3,164,0.2730958685322276
train,3,165,0.22880218398543628
train,4,1,0.30817002127100357
train,4,2,0.16347946726566914
train,4,3,0.24419309865121894
train,4,4,0.1805212735811505
train,4,5,0.2658653758950845
train,4,6,0.28415923990161984
train,4,7,0.2437818742821923
train,4,8,0.31902485954065796
train,4,9,0.291225257724924
train,4,10,0.18430060352771804
train,4,11,0.25382768756270446
train,4,12,0.24053076872372597
train,4,13,0.23703124976567086
train,4,14,0.3049322963315001
train,4,15,0.23858776817272373
train,4,16,0.26575222446406416
train,4,17,0.19379883136835277
train,4,18,0.22638854016944332
train,4,19,0.2887575244297925
train,4,20,0.2599145169853412
train,4,21,0.22048708163199493
train,4,22,0.23817530338111825
train,4,23,0.2217693425553047
train,4,24,0.2582690111534096
train,4,25,0.18244429246351107
train,4,26,0.23427019695771134
train,4,27,0.2799715344992096
train,4,28,0.1665069430554149
train,4,29,0.21641175597081808
train,4,30,0.2152576724614794
train,4,31,0.20985332576300297
train,4,32,0.22795787009661317
train,4,33,0.24965929368555695
train,4,34,0.28440529577282364
train,4,35,0.19967707671974808
train,4,36,0.2659970312118256
train,4,37,0.31202926559254324
train,4,38,0.20663196624032598
train,4,39,0.24004092125062673
train,4,40,0.26173175626261647
train,4,41,0.2727135276235749
train,4,42,0.232376988304002
train,4,43,0.26113125308674656
train,4,44,0.1697616198330239
train,4,45,0.24971519989075347
train,4,46,0.19991709745854294
train,4,47,0.2894868358783061
train,4,48,0.2885163006245133
train,4,49,0.27584344404250594
train,4,50,0.21537497315875187
train,4,51,0.26182554811175957
train,4,52,0.2235303881883671
train,4,53,0.2374072528740542
train,4,54,0.2720314189077395
train,4,55,0.23083583539838548
train,4,56,0.23673135018704458
train,4,57,0.3135819529355423
train,4,58,0.24392225784570487
train,4,59,0.2476213886734807
train,4,60,0.30869587844169677
train,4,61,0.22154650743971852
train,4,62,0.22397885713179763
train,4,63,0.21076490253460559
train,4,64,0.3112879114416963
train,4,65,0.2887612244593902
train,4,66,0.24006895499069825
train,4,67,0.25266872527471157
train,4,68,0.31216463515772164
train,4,69,0.31258970585708795
train,4,70,0.253427605161184
train,4,71,0.25583278971059625
train,4,72,0.3113162852466971
train,4,73,0.2727079770608397
train,4,74,0.2505530927306667
train,4,75,0.24317727765248728
train,4,76,0.31709725257131893
train,4,77,0.21814788569177884
train,4,78,0.23155141711025878
train,4,79,0.256092768487067
train,4,80,0.2599546718882986
train,4,81,0.3040691439783991
train,4,82,0.2631585287706042
train,4,83,0.21787672042149106
train,4,84,0.21240792399513464
train,4,85,0.2580668850949545
train,4,86,0.22935330061057219
train,4,87,0.22241769010896156
train,4,88,0.29756474461398413
train,4,89,0.2879632458329128
train,4,90,0.2022113309838512
train,4,91,0.273232447218678
train,4,92,0.24149485878219065
train,4,93,0.255138671038826
train,4,94,0.2503148318582005
train,4,95,0.33954111930909736
train,4,96,0.2285239247840612
train,4,97,0.3670238620691745
train,4,98,0.25767717857740524
train,4,99,0.20321394969034065
train,4,100,0.2857330964899447
train,4,101,0.2767725009507802
train,4,102,0.23254926870100853
train,4,103,0.2611756015867701
train,4,104,0.2519263694599387
train,4,105,0.2594308779057365
train,4,106,0.2801917767827664
train,4,107,0.26049267836491563
train,4,108,0.1911208638063795
train,4,109,0.19362867011232648
train,4,110,0.23203124886016227
train,4,111,0.2607363670849438
train,4,112,0.27597861517381783
train,4,113,0.24400039621866484
train,4,114,0.23301027288460013
train,4,115,0.2040996172910436
train,4,116,0.25359094057180415
train,4,117,0.23035096480909062
train,4,118,0.19258328731543292
train,4,119,0.278356140125388
train,4,120,0.33633172063239336
train,4,121,0.2517119939198166
train,4,122,0.26607764717235755
train,4,123,0.2627408887040087
train,4,124,0.2536398662947288
train,4,125,0.28711588594404747
train,4,126,0.27209450460196405
train,4,127,0.2640410401114248
train,4,128,0.2763968109865119
train,4,129,0.23475022817229996
train,4,130,0.24669294011386844
train,4,131,0.23050655312299612
train,4,132,0.24558872994157124
train,4,133,0.19257476351975145
train,4,134,0.25491183037393733
train,4,135,0.24942633349529797
train,4,136,0.23252173532019768
train,4,137,0.26148143199091994
train,4,138,0.18484705396474296
train,4,139,0.2713935892168786
train,4,140,0.21623845391795488
train,4,141,0.28688570902226623
train,4,142,0.21592256712342256
train,4,143,0.24286971527683424
train,4,144,0.2712591361292766
train,4,145,0.24190864167464543
train,4,146,0.23275569880951236
train,4,147,0.31197859582372145
train,4,148,0.26427351406713706
train,4,149,0.24543826848209252
train,4,150,0.32262171037979837
train,4,151,0.2727053194168755
train,4,152,0.15402873172987264
train,4,153,0.23872166660652927
train,4,154,0.22641865172199943
train,4,155,0.33776977917025186
train,4,156,0.2626828534495551
train,4,157,0.4075585830630417
train,4,158,0.3014938911795998
train,4,159,0.21990253878127872
train,4,160,0.2838925119239648
train,4,161,0.2879921411397241
train,4,162,0.2753074567492104
train,4,163,0.18931132685600194
train,4,164,0.2653415933128281
train,4,165,0.22347484810831475
train,5,1,0.2307490934771083
train,5,2,0.2720463860203276
train,5,3,0.19158206519383922
train,5,4,0.37336536676384535
train,5,5,0.2797029562925976
train,5,6,0.2735148776929802
train,5,7,0.22854540624715075
train,5,8,0.1863567048834197
train,5,9,0.32445810200369307
train,5,10,0.22118579399426963
train,5,11,0.23117574789817372
train,5,12,0.2594030425489192
train,5,13,0.19511768577803076
train,5,14,0.23626875496426114
train,5,15,0.23852555509205278
train,5,16,0.28356072494013196
train,5,17,0.23305053025240963
train,5,18,0.1996770619405808
train,5,19,0.2215604416192924
train,5,20,0.29122101434773373
train,5,21,0.16389751759228358
train,5,22,0.2520372742576128
train,5,23,0.24741734417554823
train,5,24,0.26986043435909446
train,5,25,0.43101766324167845
train,5,26,0.27748821912447175
train,5,27,0.21556566852960296
train,5,28,0.24490833461844172
train,5,29,0.208978217401008
train,5,30,0.22904975764324348
train,5,31,0.1992332185455073
train,5,32,0.27497633790885084
train,5,33,0.2401646332919074
train,5,34,0.2574483504732966
train,5,35,0.1986103267068136
train,5,36,0.20990475109663004
train,5,37,0.20262953436475167
train,5,38,0.2655121205602551
train,5,39,0.26988848037659363
train,5,40,0.2782992882875057
train,5,41,0.23800470469269489
train,5,42,0.2645500456703953
train,5,43,0.32293703950443176
train,5,44,0.28673952123592694
train,5,45,0.2306664840529662
train,5,46,0.24599390991741132
train,5,47,0.33239095379421596
train,5,48,0.22212148394816175
train,5,49,0.1808598607354873
train,5,50,0.25647910252024086
train,5,51,0.26013918486342685
train,5,52,0.24883681091237536
train,5,53,0.17033388754790324
train,5,54,0.2259729643338291
train,5,55,0.20368798280902722
train,5,56,0.22655404974461824
train,5,57,0.22292348365314524
train,5,58,0.22485778653291227
train,5,59,0.23294399817236716
train,5,60,0.2797240249132278
train,5,61,0.2942274860966849
train,5,62,0.2567408586984376
train,5,63,0.19471361859365174
train,5,64,0.23846313904800853
train,5,65,0.3556912202250253
train,5,66,0.2884766974628114
train,5,67,0.23870873831223655
train,5,68,0.2311887329164082
train,5,69,0.27661224452625344
train,5,70,0.18513636489161728
train,5,71,0.1705454777173433
train,5,72,0.22828708167402106
train,5,73,0.28534989775530656
train,5,74,0.2379718281265756
train,5,75,0.28783979406096993
train,5,76,0.20361706129328191
train,5,77,0.2666879220621681
train,5,78,0.22937285321350576
train,5,79,0.28501058375406607
train,5,80,0.24641466554351021
train,5,81,0.35929477105257573
train,5,82,0.24123790164823408
train,5,83,0.24191060674231435
train,5,84,0.25656876141282164
train,5,85,0.2133807867318804
train,5,86,0.2627808995921894
train,5,87,0.20072168731837872
train,5,88,0.2871391423161219
train,5,89,0.2192311889789091
train,5,90,0.36557054615341233
train,5,91,0.22397282455606776
train,5,92,0.2981706220689748
train,5,93,0.32695118994463135
train,5,94,0.3141024746668545
train,5,95,0.3433035694023938
train,5,96,0.3158352075516731
train,5,97,0.19092456211877495
train,5,98,0.3217163973732977
train,5,99,0.24154443521095506
train,5,100,0.23509116455146006
train,5,101,0.2870187989000571
train,5,102,0.2228026535838255
train,5,103,0.2104436294961288
train,5,104,0.28119670320412543
train,5,105,0.2667910580752562
train,5,106,0.17310776309896217
train,5,107,0.24296930107267317
train,5,108,0.23710651486822323
train,5,109,0.2232130147468978
train,5,110,0.25291841173775215
train,5,111,0.23447625562972182
train,5,112,0.2587037544086236
train,5,113,0.2256891474026955
train,5,114,0.18769532572539516
train,5,115,0.25031759670598835
train,5,116,0.23057144560226436
train,5,117,0.2776094458041123
train,5,118,0.20987702967280714
train,5,119,0.2760932225713196
train,5,120,0.24895183634726453
train,5,121,0.30833276904033996
train,5,122,0.24301172067825694
train,5,123,0.22035754584049755
train,5,124,0.23747138541511548
train,5,125,0.27954519928985294
train,5,126,0.23263064655494736
train,5,127,0.24431617634592792
train,5,128,0.23308449134402193
train,5,129,0.25013508374378307
train,5,130,0.2692048861242218
train,5,131,0.2549493171581253
train,5,132,0.23501547621299698
train,5,133,0.2864801543397991
train,5,134,0.298010527499708
train,5,135,0.27376581031398156
train,5,136,0.2507334612293822
train,5,137,0.2690126421755781
train,5,138,0.22437452018919724
train,5,139,0.248104041482854
train,5,140,0.2584686971675121
train,5,141,0.2967346496077157
train,5,142,0.32973846687550146
train,5,143,0.19656111619968056
train,5,144,0.22210179707454966
train,5,145,0.2582181111106788
train,5,146,0.2238235597826565
train,5,147,0.22125602585446189
train,5,148,0.27599943020218365
train,5,149,0.24749259532925041
train,5,150,0.23601814393736487
train,5,151,0.23434194866303304
train,5,152,0.2273223258013903
train,5,153,0.28340055544356907
train,5,154,0.2960172425719614
train,5,155,0.2503478998457518
train,5,156,0.19305073789793759
train,5,157,0.2281660649086429
train,5,158,0.22048204968615112
train,5,159,0.24031909705925017
train,5,160,0.20374994538844732
train,5,161,0.23952300083643285
train,5,162,0.26990883410787164
train,5,163,0.19454552175052325
train,5,164,0.22691875389552396
train,5,165,0.2044371295748017
train,6,1,0.22926201857186493
train,6,2,0.3478089883207658
train,6,3,0.2393859705799895
train,6,4,0.2033402989889546
train,6,5,0.19887440059645262
train,6,6,0.30179142438191486
train,6,7,0.2795705853870425
train,6,8,0.20638665704397852
train,6,9,0.19276773652089735
train,6,10,0.20336087594673358
train,6,11,0.2665431450002471
train,6,12,0.19078089350884506
train,6,13,0.26859194047867985
train,6,14,0.24345342740683956
train,6,15,0.24907072240149328
train,6,16,0.1675196106460159
train,6,17,0.18195267095286657
train,6,18,0.16770042391653783
train,6,19,0.24549415556653983
train,6,20,0.253347576302128
train,6,21,0.2635139494758404
train,6,22,0.22409786944616908
train,6,23,0.2665768107849121
train,6,24,0.32152815729177514
train,6,25,0.20545670578227232
train,6,26,0.22521759105304537
train,6,27,0.2859351597428835
train,6,28,0.22828413531016783
train,6,29,0.2225406190978214
train,6,30,0.2492242887377441
train,6,31,0.22048099269701604
train,6,32,0.18545521290237574
train,6,33,0.31347363291788366
train,6,34,0.17528382232257697
train,6,35,0.24168504408131375
train,6,36,0.2315786669832562
train,6,37,0.31052041777314926
train,6,38,0.24786394945579943
train,6,39,0.2497839383672497
train,6,40,0.2558968695978891
train,6,41,0.23854698213134412
train,6,42,0.30406316562835545
train,6,43,0.2520994108303936
train,6,44,0.23584986015435375
train,6,45,0.24640786546021104
train,6,46,0.1835860838261141
train,6,47,0.2217882860406198
train,6,48,0.2512345533749681
train,6,49,0.23646220416085031
train,6,50,0.19792412087115047
train,6,51,0.27380655070648585
train,6,52,0.23875713093182616
train,6,53,0.24081181141893443
train,6,54,0.2309551440641452
train,6,55,0.24909309105608562
train,6,56,0.28445135220522444
train,6,57,0.17984211692124286
train,6,58,0.22616810158669715
train,6,59,0.20994401268000284
train,6,60,0.2713128958045778
train,6,61,0.20907966094763636
train,6,62,0.2261475396200949
train,6,63,0.17898294276924576
train,6,64,0.21211040766104639
train,6,65,0.24601466973406078
train,6,66,0.23020846173835663
train,6,67,0.2432159528650137
train,6,68,0.30669022631767895
train,6,69,0.2866287419825112
train,6,70,0.20566835685953944
train,6,71,0.26937826407353954
train,6,72,0.27299095920374405
train,6,73,0.23710187249428494
train,6,74,0.25450954540061954
train,6,75,0.2139287141021694
train,6,76,0.28517705230362317
train,6,77,0.23942315476955417
train,6,78,0.23510389815364963
train,6,79,0.1701340767364543
train,6,80,0.3170277596416339
train,6,81,0.2633275313272167
train,6,82,0.18002291979343005
train,6,83,0.26776939443366016
train,6,84,0.20295654329852947
train,6,85,0.23688020067362198
train,6,86,0.3000296430444656
train,6,87,0.37292807651715665
train,6,88,0.2908653985657994
train,6,89,0.19856377416205706
train,6,90,0.22207145104255344
train,6,91,0.26825711289304
train,6,92,0.23154441711538293
train,6,93,0.24530900017984802
train,6,94,0.22154332530767679
train,6,95,0.32021509393418
train,6,96,0.194717873622272
train,6,97,0.2973643106158811
train,6,98,0.21300963696064032
train,6,99,0.2313470846881603
train,6,100,0.344495149955847
train,6,101,0.26408935858576976
train,6,102,0.30090690944632725
train,6,103,0.30738411307319646
train,6,104,0.34370310865672493
train,6,105,0.28920745683133015
train,6,106,0.20393950716559184
train,6,107,0.259911791289144
train,6,108,0.22442169146388896
train,6,109,0.2682254430328216
train,6,110,0.32287537656341336
train,6,111,0.202177075282775
train,6,112,0.1971144877532045
train,6,113,0.25522344814793607
train,6,114,0.25919857371487726
train,6,115,0.1843291340969803
train,6,116,0.25346185872026045
train,6,117,0.25085201443882815
train,6,118,0.25537603872809217
train,6,119,0.2702331461961704
train,6,120,0.23918888556691834
train,6,121,0.30643338960518024
train,6,122,0.3066982115877927
train,6,123,0.21083192367981327
train,6,124,0.2606368958729582
train,6,125,0.23066614956113873
train,6,126,0.21987945034199216
train,6,127,0.2608747504275898
train,6,128,0.2630015045935874
train,6,129,0.2707974215378498
train,6,130,0.22023105379861907
train,6,131,0.24375091838123825
train,6,132,0.19136927441741472
train,6,133,0.25577165610524477
train,6,134,0.27168526768747875
train,6,135,0.21084979623497854
train,6,136,0.2225127230240619
train,6,137,0.27080969975901104
train,6,138,0.284223493585171
train,6,139,0.20807239860518367
train,6,140,0.23646105547182966
train,6,141,0.21499453593416257
train,6,142,0.23214248701496581
train,6,143,0.34012673606688304
train,6,144,0.27567212438812166
train,6,145,0.3504839401336153
train,6,146,0.3380366415940395
train,6,147,0.2035655431209138
train,6,148,0.17508274875534857
train,6,149,0.21208511913235917
train,6,150,0.26737294083151597
train,6,151,0.23554173801773387
train,6,152,0.22587881217511685
train,6,153,0.2963349703161252
train,6,154,0.21757877195277917
train,6,155,0.17613415286659517
train,6,156,0.24639331466193712
train,6,157,0.22157003071744397
train,6,158,0.25703050966876323
train,6,159,0.33804308167993025
train,6,160,0.2903478641443209
train,6,161,0.23845183069191506
train,6,162,0.2301742343577336
train,6,163,0.2660199435052378
train,6,164,0.24536211950807574
train,6,165,0.2525726129899474
train,7,1,0.1816244524086682
train,7,2,0.26026615895761296
train,7,3,0.24701410874519497
train,7,4,0.2204399985030264
train,7,5,0.24521155021348742
train,7,6,0.2500698441094238
train,7,7,0.20379750830612633
train,7,8,0.20108382967717015
train,7,9,0.1751550605431256
train,7,10,0.18553612200286002
train,7,11,0.2936151273905123
train,7,12,0.21400918216400436
train,7,13,0.32608620344406114
train,7,14,0.3123304148116149
train,7,15,0.2257784916255936
train,7,16,0.22251505128579468
train,7,17,0.18546576772318527
train,7,18,0.2097819157599326
train,7,19,0.2302817013126096
train,7,20,0.2295688653982268
train,7,21,0.24273216487944443
train,7,22,0.22968833293936475
train,7,23,0.2502642742683607
train,7,24,0.21210933424563552
train,7,25,0.2349243511767916
train,7,26,0.3292286413572152
train,7,27,0.2759953615940838
train,7,28,0.27693784645231184
train,7,29,0.22402287944161825
train,7,30,0.22112605380812617
train,7,31,0.16971821316754093
train,7,32,0.273489850789277
train,7,33,0.27081595878782333
train,7,34,0.19746910597723766
train,7,35,0.19670260167762332
train,7,36,0.16965374471446304
train,7,37,0.2742913622687655
train,7,38,0.24664179740460368
train,7,39,0.2424052554121375
train,7,40,0.25952087488906855
train,7,41,0.1957972048977395
train,7,42,0.2735249738207013
train,7,43,0.24142392680521635
train,7,44,0.25506696018690467
train,7,45,0.21839136373809132
train,7,46,0.25174978847632606
train,7,47,0.16294862441200014
train,7,48,0.23756467271650675
train,7,49,0.2155803880789907
train,7,50,0.2225340495275544
train,7,51,0.23212688004553103
train,7,52,0.3012759221135177
train,7,53,0.14793110835872028
train,7,54,0.22907699734901454
train,7,55,0.2244280361477573
train,7,56,0.2456000828710293
train,7,57,0.20872876670222767
train,7,58,0.31460076550552085
train,7,59,0.25962111485786926
train,7,60,0.22594465162467614
train,7,61,0.2289053793890928
train,7,62,0.24286238126381826
train,7,63,0.18046509508735825
train,7,64,0.32220541926706525
train,7,65,0.21587598021414425
train,7,66,0.2771174651477133
train,7,67,0.2646398678465749
train,7,68,0.24008406085860054
train,7,69,0.352402382011838
train,7,70,0.2308989967446585
train,7,71,0.28890060609486223
train,7,72,0.23687186515359465
train,7,73,0.2306069324853099
train,7,74,0.2583687476831182
train,7,75,0.20597248786563227
train,7,76,0.2126629478448929
train,7,77,0.17963795198334032
train,7,78,0.2684862939824989
train,7,79,0.23085556591667025
train,7,80,0.2189420482079721
train,7,81,0.15519977748638755
train,7,82,0.1879282593126338
train,7,83,0.26456879427251334
train,7,84,0.23889276978273652
train,7,85,0.1954671431325492
train,7,86,0.2806525723773455
train,7,87,0.23546466391305143
train,7,88,0.31255424820851396
train,7,89,0.20842832808137202
train,7,90,0.32983669855201597
train,7,91,0.3254839136813096
train,7,92,0.20406595204471933
train,7,93,0.2550923966803944
train,7,94,0.3507705818064215
train,7,95,0.2322480350881728
train,7,96,0.3288912024028243
train,7,97,0.21764877082573342
train,7,98,0.2436199201355358
train,7,99,0.30125753275689926
train,7,100,0.26241580565057265
train,7,101,0.2369310017001524
train,7,102,0.21638028823231564
train,7,103,0.28625756703266336
train,7,104,0.19144840110441724
train,7,105,0.23222530460886712
train,7,106,0.2249696073415897
train,7,107,0.13500202009744713
train,7,108,0.2701804863105869
train,7,109,0.3008684776031911
train,7,110,0.27297838230525706
train,7,111,0.21458531160602734
train,7,112,0.23263413121137339
train,7,113,0.21387480171356055
train,7,114,0.20942523089662285
train,7,115,0.23730077283891185
train,7,116,0.15584837182674813
train,7,117,0.2491698081762321
train,7,118,0.18564051110023472
train,7,119,0.2199347244132337
train,7,120,0.20014319926705246
train,7,121,0.3004551519227372
train,7,122,0.25097537072238163
train,7,123,0.2785543872274906
train,7,124,0.2588615428390324
train,7,125,0.2229243916849707
train,7,126,0.25371595352507836
train,7,127,0.24988739916687633
train,7,128,0.319731313878855
train,7,129,0.22385104041561985
train,7,130,0.22751153701909121
train,7,131,0.24068444426379665
train,7,132,0.20710718365976244
train,7,133,0.2487363369316613
train,7,134,0.21248517259437466
train,7,135,0.232020392500554
train,7,136,0.28045492634277847
train,7,137,0.224607621699156
train,7,138,0.19977173908201337
train,7,139,0.19190527478716457
train,7,140,0.1903196153197093
train,7,141,0.1813319343141493
train,7,142,0.3783123287580096
train,7,143,0.20949891874393695
train,7,144,0.2339398894215092
train,7,145,0.20125616848175484
train,7,146,0.18841370903000018
train,7,147,0.22897558259931744
train,7,148,0.17313245119197
train,7,149,0.2482003886858811
train,7,150,0.21405031362278654
train,7,151,0.20922842946926898
train,7,152,0.27204879400692694
train,7,153,0.16828630166798125
train,7,154,0.39155910249807313
train,7,155,0.24466360241682306
train,7,156,0.2869742836556549
train,7,157,0.22778191834151384
train,7,158,0.2646969488040624
train,7,159,0.16447360299007202
train,7,160,0.25224321553274753
train,7,161,0.21042021245601322
train,7,162,0.2714096588023869
train,7,163,0.2400919142562963
train,7,164,0.2845044707404539
train,7,165,0.18870742331532994
train,8,1,0.28542699409731415
train,8,2,0.20361833262337975
train,8,3,0.3546633281254745
train,8,4,0.16025717481196589
train,8,5,0.21838518372608387
train,8,6,0.2630008258314629
train,8,7,0.18693314527455435
train,8,8,0.21519325190125763
train,8,9,0.1745525431138425
train,8,10,0.3606727793529362
train,8,11,0.22875303704226846
train,8,12,0.24344063264795618
train,8,13,0.3181453740434182
train,8,14,0.2867813541510558
train,8,15,0.35942564952921063
train,8,16,0.22427902037654582
train,8,17,0.33975755623006254
train,8,18,0.2497274115308203
train,8,19,0.19269598297503068
train,8,20,0.3059396727018735
train,8,21,0.2957687405171947
train,8,22,0.3278692715117923
train,8,23,0.37594048331831686
train,8,24,0.21280072494638969
train,8,25,0.20956502171132962
train,8,26,0.35577462024721324
train,8,27,0.20154842012938
train,8,28,0.2671841658497167
train,8,29,0.29248210167168354
train,8,30,0.2555966727315653
train,8,31,0.23275247679392377
train,8,32,0.23876960171106593
train,8,33,0.259815101542814
train,8,34,0.24860383740751651
train,8,35,0.2041899127305753
train,8,36,0.20618527625196809
train,8,37,0.2804348531551211
train,8,38,0.20678424877148122
train,8,39,0.2252934576548229
train,8,40,0.22731949250341454
train,8,41,0.263955139124353
train,8,42,0.20838183909394212
train,8,43,0.23596178811638813
train,8,44,0.2186491817362729
train,8,45,0.27662283841849283
train,8,46,0.17513430333899432
train,8,47,0.20018274302922476
train,8,48,0.29393363173059317
train,8,49,0.27327568142849984
train,8,50,0.22986249326626246
train,8,51,0.27959168621938457
train,8,52,0.20725304278280227
train,8,53,0.24453692673461866
train,8,54,0.25344550190766957
train,8,55,0.23497897107358376
train,8,56,0.16761096282075585
train,8,57,0.18457263420997855
train,8,58,0.291617958689371
train,8,59,0.25053983143976555
train,8,60,0.2049599576382632
train,8,61,0.3051315217597771
train,8,62,0.19282663596998403
train,8,63,0.2874233897243826
train,8,64,0.20390374544129244
train,8,65,0.24755946476288157
train,8,66,0.25279470288794054
train,8,67,0.22113249290482806
train,8,68,0.21862239145140266
train,8,69,0.26806508547761854
train,8,70,0.19001576126817032
train,8,71,0.2180812633426065
train,8,72,0.21629711747428082
train,8,73,0.14150682366890976
train,8,74,0.2525301687673335
train,8,75,0.34375761796662335
train,8,76,0.17704593849158956
train,8,77,0.19656682380667043
train,8,78,0.21285707512311472
train,8,79,0.2726132559633795
train,8,80,0.19906435650309068
train,8,81,0.2367110589576485
train,8,82,0.3251967291594505
train,8,83,0.19351466400132855
train,8,84,0.2664899836435569
train,8,85,0.22778320698322574
train,8,86,0.2549967888898815
train,8,87,0.25063588063588205
train,8,88,0.23750905584291998
train,8,89,0.34250314936133686
train,8,90,0.22286227262792008
train,8,91,0.23996334537036149
train,8,92,0.19010299402659125
train,8,93,0.23407333924963916
train,8,94,0.24234097171619726
train,8,95,0.25522552368699447
train,8,96,0.25830427748108775
train,8,97,0.24665825215062623
train,8,98,0.2978457576671122
train,8,99,0.2072641177632592
train,8,100,0.1744572255300748
train,8,101,0.22592400323548817
train,8,102,0.20180708777922285
train,8,103,0.2229774077968529
train,8,104,0.19642673333879979
train,8,105,0.21506681857821164
train,8,106,0.24808516397411637
train,8,107,0.18227905787008042
train,8,108,0.22723376779604365
train,8,109,0.236702987380925
train,8,110,0.20630363666851143
train,8,111,0.24254024656530027
train,8,112,0.33631229206312496
train,8,113,0.1940558820237858
train,8,114,0.2539729484867602
train,8,115,0.26998877386625936
train,8,116,0.2192351972962045
train,8,117,0.25807805641114556
train,8,118,0.2351681597881558
train,8,119,0.2654680141243333
train,8,120,0.2897746575661531
train,8,121,0.2394725617456087
train,8,122,0.21073197409443856
train,8,123,0.2587215836159318
train,8,124,0.27321727731042017
train,8,125,0.21402333544616076
train,8,126,0.19580044836546406
train,8,127,0.29164785227003864
train,8,128,0.28277875502243977
train,8,129,0.2393849555551123
train,8,130,0.27414628007433905
train,8,131,0.26368275513448447
train,8,132,0.24121080064515038
train,8,133,0.18531385358121327
train,8,134,0.3142479927934496
train,8,135,0.26491090310882237
train,8,136,0.18807436599368513
train,8,137,0.25564751234311317
train,8,138,0.1995482718308474
train,8,139,0.19587110468408914
train,8,140,0.24834439979277328
train,8,141,0.20519966508898058
train,8,142,0.2793185196253184
train,8,143,0.2979246947677161
train,8,144,0.2447217361512181
train,8,145,0.2569020238360664
train,8,146,0.2062099665431062
train,8,147,0.24339500297458017
train,8,148,0.19326244426050146
train,8,149,0.21524661577854715
train,8,150,0.2555271723630539
train,8,151,0.22566935646621572
train,8,152,0.21451343526514294
train,8,153,0.276081709756993
train,8,154,0.23363506206668164
train,8,155,0.22197935125668605
train,8,156,0.2733981541350329
train,8,157,0.24943215422956574
train,8,158,0.20446123168220615
train,8,159,0.2510831154386268
train,8,160,0.3151478025124223
train,8,161,0.33144493544478804
train,8,162,0.3057191174223603
train,8,163,0.15951345402982525
train,8,164,0.3145938729764107
train,8,165,0.20271004826744446
train,9,1,0.19900976051761501
train,9,2,0.20963894155404408
train,9,3,0.20717923850181072
train,9,4,0.21303116614223527
train,9,5,0.2107124656985235
train,9,6,0.21039576735816629
train,9,7,0.26980798820886265
train,9,8,0.30871082376960157
train,9,9,0.26606806654186443
train,9,10,0.21116203742906028
train,9,11,0.20446052980449334
train,9,12,0.15755666552741932
train,9,13,0.2089347956973997
train,9,14,0.16858195896842865
train,9,15,0.23694921630147167
train,9,16,0.27933597811365923
train,9,17,0.199873218741136
train,9,18,0.2711297601937144
train,9,19,0.2364151417780527
train,9,20,0.2994540241289896
train,9,21,0.22480454114630924
train,9,22,0.18756037412116053
train,9,23,0.27193528820800783
train,9,24,0.22645143247606994
train,9,25,0.21429367928144077
train,9,26,0.2382094214938834
train,9,27,0.18375506192688626
train,9,28,0.23058429180998732
train,9,29,0.3363971076083387
train,9,30,0.1999457515234341
train,9,31,0.23813925447414397
train,9,32,0.1870980046782601
train,9,33,0.24260565960036728
train,9,34,0.2581431789018915
train,9,35,0.23984419671712187
train,9,36,0.22421422272863534
train,9,37,0.2445864320136045
train,9,38,0.2970953408110964
train,9,39,0.2335082843371488
train,9,40,0.19786943922000397
train,9,41,0.24594963567564856
train,9,42,0.2386981378884128
train,9,43,0.2708521319083547
train,9,44,0.21326586726515276
train,9,45,0.24520145863017115
train,9,46,0.23523707212134243
train,9,47,0.24723839264289732
train,9,48,0.23307065603312382
train,9,49,0.22870972289612707
train,9,50,0.27562331253065564
train,9,51,0.2525097567595949
train,9,52,0.2194292369024708
train,9,53,0.23987838843606568
train,9,54,0.2763033748707676
train,9,55,0.22644885697502262
train,9,56,0.31680766523144266
train,9,57,0.22833488803061427
train,9,58,0.2373820381927243
train,9,59,0.2620617095604832
train,9,60,0.2425984145435424
train,9,61,0.14088106335920614
train,9,62,0.21910792664922468
train,9,63,0.305357522362789
train,9,64,0.26704002451311865
train,9,65,0.22617010292154502
train,9,66,0.3576376751678305
train,9,67,0.328900151239664
train,9,68,0.262220430750799
train,9,69,0.23440202727649728
train,9,70,0.25196866823831565
train,9,71,0.1975825417190334
train,9,72,0.2696518860986289
train,9,73,0.21641139974780477
train,9,74,0.22644634337821387
train,9,75,0.2181716032459206
train,9,76,0.2546811889757432
train,9,77,0.2446543619956562
train,9,78,0.18867147467451212
train,9,79,0.24676538926912084
train,9,80,0.24608446000735357
train,9,81,0.25445284976289434
train,9,82,0.23435378247585764
train,9,83,0.31013613438391824
train,9,84,0.20378330092722996
train,9,85,0.2124018294954097
train,9,86,0.30418438651227026
train,9,87,0.2666760426182006
train,9,88,0.2322464983942965
train,9,89,0.25527013883130795
train,9,90,0.19975232044067778
train,9,91,0.29572999224920604
train,9,92,0.24503918555910947
train,9,93,0.26760820157305243
train,9,94,0.17003207023994837
train,9,95,0.16379492218777314
train,9,96,0.24295738875847034
train,9,97,0.17649980552085132
train,9,98,0.2884306730957379
train,9,99,0.20516401369107992
train,9,100,0.26784641801848424
train,9,101,0.2746265112618556
train,9,102,0.27030722209373464
train,9,103,0.23331538145736816
train,9,104,0.23513565279779608
train,9,105,0.2593741124199721
train,9,106,0.23001835732847575
train,9,107,0.28445627734383566
train,9,108,0.26627417043966756
train,9,109,0.2203585292042518
train,9,110,0.23779375893417104
train,9,111,0.23164020857219872
train,9,112,0.17978124861255826
train,9,113,0.24742290998204117
train,9,114,0.20661739853130356
train,9,115,0.33664518906852114
train,9,116,0.1939930986302666
train,9,117,0.215689129852501
train,9,118,0.24152038418262894
train,9,119,0.3185243373506209
train,9,120,0.1820012222600797
train,9,121,0.22648258691207238
train,9,122,0.1794870415368127
train,9,123,0.2285782696780178
train,9,124,0.19864304954744627
train,9,125,0.23310007450117837
train,9,126,0.3383783896903063
train,9,127,0.1919909076148834
train,9,128,0.18098237671277825
train,9,129,0.2093589700087966
train,9,130,0.18943045701166944
train,9,131,0.2092571174058056
train,9,132,0.3107409558223983
train,9,133,0.23820131793312777
train,9,134,0.32864578708276837
train,9,135,0.2632069437182309
train,9,136,0.24182180770611414
train,9,137,0.28118485414831745
train,9,138,0.2427777929608417
train,9,139,0.2798880058436061
train,9,140,0.2126282173113409
train,9,141,0.24400224612467347
train,9,142,0.23591496465939227
train,9,143,0.25864540727517216
train,9,144,0.26735322450454885
train,9,145,0.19867072846683181
train,9,146,0.20440139800733267
train,9,147,0.21382778373270395
train,9,148,0.2946331565626621
train,9,149,0.20628995520435123
train,9,150,0.30193091606749695
train,9,151,0.2698239062170544
train,9,152,0.22840703709706695
train,9,153,0.21821349413449576
train,9,154,0.1987201946707029
train,9,155,0.2190291515375713
train,9,156,0.2493898938328865
train,9,157,0.21498839621305987
train,9,158,0.23136626900790075
train,9,159,0.18503544618042117
train,9,160,0.2023168510721191
train,9,161,0.2662457184556637
train,9,162,0.15326235614635547
train,9,163,0.2230479231907947
train,9,164,0.20823212005568723
train,9,165,0.23613202753528886
train,10,1,0.2560321685317953
train,10,2,0.199895137294878
train,10,3,0.15616853128709196
train,10,4,0.22594740164314453
train,10,5,0.21999091536442647
train,10,6,0.20330195129109427
train,10,7,0.21049261456977897
train,10,8,0.21068853477243302
train,10,9,0.22120517919370894
train,10,10,0.2548919814584068
train,10,11,0.22611619184717882
train,10,12,0.2684918078251799
train,10,13,0.27498314955011216
train,10,14,0.23315293741345922
train,10,15,0.22524096091305645
train,10,16,0.19842877919352864
train,10,17,0.2581271403531693
train,10,18,0.19845953617291995
train,10,19,0.2827093122894976
train,10,20,0.23468002587979161
train,10,21,0.24427221158911733
train,10,22,0.2613245207205793
train,10,23,0.2934050166970657
train,10,24,0.2761359472146706
train,10,25,0.18454628481651392
train,10,26,0.19033630550851532
train,10,27,0.2102538956069971
train,10,28,0.20316191191439653
train,10,29,0.21478405974409398
train,10,30,0.19213279506955322
train,10,31,0.29405406222747
train,10,32,0.25072306090202373
train,10,33,0.22781113696385064
train,10,34,0.16669996550026245
train,10,35,0.1721439930139029
train,10,36,0.21273703897324156
train,10,37,0.2723276641444071
train,10,38,0.24552624957171756
train,10,39,0.17873519984022632
train,10,40,0.28579481025500775
train,10,41,0.25847211752238974
train,10,42,0.2575782630913188
train,10,43,0.22268305608999872
train,10,44,0.2519168285461055
train,10,45,0.22190811758939671
train,10,46,0.2509547001695749
train,10,47,0.24988954866390978
train,10,48,0.22042569303011503
train,10,49,0.20920454688298812
train,10,50,0.2606904183110094
train,10,51,0.1848110842842267
train,10,52,0.18102970181896708
train,10,53,0.19883382843543476
train,10,54,0.18883339577662625
train,10,55,0.20814418386053304
train,10,56,0.2039855037232467
train,10,57,0.22960720421750486
train,10,58,0.2160561880351509
train,10,59,0.24249699672626313
train,10,60,0.2031599290186309
train,10,61,0.23142927158325755
train,10,62,0.22554446471486467
train,10,63,0.20104684392458605
train,10,64,0.21811110293824781
train,10,65,0.18216072413412543
train,10,66,0.30921801886829886
train,10,67,0.25819834919829643
train,10,68,0.2167191648136219
train,10,69,0.2615968783931825
train,10,70,0.21884721492969578
train,10,71,0.21892001589927285
train,10,72,0.18541367105661305
train,10,73,0.24370712782727807
train,10,74,0.3212785416928553
train,10,75,0.21942169962399746
train,10,76,0.222359866616732
train,10,77,0.18786496529413102
train,10,78,0.17529293995948717
train,10,79,0.2362850415134703
train,10,80,0.21367059250591128
train,10,81,0.24187670645832576
train,10,82,0.20435666144976639
train,10,83,0.20795102365647872
train,10,84,0.20796258077516447
train,10,85,0.22429665774921106
train,10,86,0.2280978500622748
train,10,87,0.22979156162575193
train,10,88,0.2654658656188478
train,10,89,0.19492154056787578
train,10,90,0.25387460239630577
train,10,91,0.22594466298104643
train,10,92,0.2782381018893243
train,10,93,0.18013734048554503
train,10,94,0.22104870449956177
train,10,95,0.25012908379149834
train,10,96,0.18303938694383315
train,10,97,0.23018138412607173
train,10,98,0.23611448493468873
train,10,99,0.2352458152242495
train,10,100,0.2201746082670203
train,10,101,0.21901782359980537
train,10,102,0.2863296922159922
train,10,103,0.25375422704249767
train,10,104,0.2145360728283549
train,10,105,0.20655955707551826
train,10,106,0.281490181760194
train,10,107,0.261597574775592
train,10,108,0.22515407817662458
train,10,109,0.2321237867475951
train,10,110,0.19807032848650752
train,10,111,0.24872259010875514
train,10,112,0.23070646502332914
train,10,113,0.23720970532970126
train,10,114,0.1877835022034337
train,10,115,0.17462131132987746
train,10,116,0.23744194635199656
train,10,117,0.30757265276044227
train,10,118,0.3014355741373534
train,10,119,0.20108813665543215
train,10,120,0.28687845410221274
train,10,121,0.20072316199284113
train,10,122,0.1774892010697651
train,10,123,0.23889409573036818
train,10,124,0.2882109000922248
train,10,125,0.2192432316900776
train,10,126,0.20569443403691942
train,10,127,0.26524631590552733
train,10,128,0.26540604460108186
train,10,129,0.19907935933526286
train,10,130,0.2511683837377088
train,10,131,0.3290385640705901
train,10,132,0.3124397354011425
train,10,133,0.25372460256432516
train,10,134,0.2443450087076565
train,10,135,0.2194624523119769
train,10,136,0.18962939625143424
train,10,137,0.24272183605869974
train,10,138,0.1951158230750225
train,10,139,0.18580552588225993
train,10,140,0.22240318240988785
train,10,141,0.2425649959924186
train,10,142,0.23922472584196594
train,10,143,0.22075709000169774
train,10,144,0.21296194026936313
train,10,145,0.20469976959378045
train,10,146,0.20087446014990898
train,10,147,0.33030795563757986
train,10,148,0.3038429037516449
train,10,149,0.31684752201144345
train,10,150,0.18530225753316454
train,10,151,0.23121718494226134
train,10,152,0.2035240319701128
train,10,153,0.21882456834209235
train,10,154,0.320819040736178
train,10,155,0.24119389169081973
train,10,156,0.19782960184359646
train,10,157,0.2082266542946139
train,10,158,0.22569083979352067
train,10,159,0.23925312941610521
train,10,160,0.21455500918507203
train,10,161,0.20589874605680297
train,10,162,0.2787570454871743
train,10,163,0.27780309932058245
train,10,164,0.2535191775797012
train,10,165,0.1995080011432067
